model_size,chinchilla,optimizer,h_over_kappa_mean,h_over_kappa_median,p10,p90,h_mean,kappa_mean,top1_accuracy,frac_lambda_positive,n_positions
30M,0.25,adamw,6.2863,6.1478,5.5941,7.1208,14.5401,2.3228,0.1351,0.1324,1048320
30M,0.25,muon,6.8150,6.6780,5.8506,7.9038,15.5857,2.3009,0.1733,0.1701,1048320
30M,0.5,adamw,6.6415,6.4614,5.6914,7.8231,15.6559,2.3768,0.1686,0.1653,1048320
30M,0.5,muon,6.7007,6.4844,5.6344,8.0666,16.6233,2.5035,0.2082,0.2049,1048320
30M,1,adamw,6.2036,6.0001,5.3434,7.3489,17.0955,2.7755,0.2132,0.2097,1048320
30M,1,muon,6.4124,6.1960,5.3063,7.9093,17.9140,2.8158,0.2589,0.2554,1048320
30M,2,adamw,6.0672,5.7749,4.9482,7.7359,18.1900,3.0384,0.2584,0.2549,1048320
30M,2,muon,6.2917,6.0689,5.1851,7.8340,18.3454,2.9422,0.2689,0.2654,1048320
30M,4,adamw,5.9014,5.6660,4.8762,7.3832,18.5988,3.1887,0.2682,0.2647,1048320
30M,4,muon,5.9322,5.6999,4.9365,7.3548,18.7670,3.1916,0.2744,0.2709,1048320
30M,8,adamw,5.8360,5.5974,4.8384,7.3078,18.7647,3.2495,0.2747,0.2711,1048320
30M,8,muon,5.6651,5.4607,4.6803,7.0640,19.2128,3.4268,0.2788,0.2751,1048320
30M,16,adamw,5.6032,5.3760,4.6139,7.0378,19.0148,3.4347,0.2785,0.2749,1048320
30M,16,muon,5.4789,5.2547,4.5228,6.8769,19.4277,3.5872,0.2821,0.2785,1048320
30M,32,adamw,5.5539,5.2810,4.5586,7.0700,18.9222,3.4595,0.2817,0.2781,1048320
30M,32,muon,5.3517,5.1560,4.4315,6.6388,19.4216,3.6696,0.2839,0.2803,1048320
30M,64,adamw,5.3861,5.1571,4.4295,6.7731,19.0663,3.5928,0.2835,0.2799,1048320
30M,64,muon,5.0882,4.8806,4.1583,6.4015,19.5723,3.9020,0.2849,0.2813,1048320
60M,0.25,adamw,6.6135,6.4646,5.6635,7.7948,16.3470,2.4869,0.1847,0.1813,1048320
60M,0.25,muon,7.1633,6.9044,5.9523,8.8045,17.6355,2.4782,0.2640,0.2605,1048320
60M,0.5,adamw,6.4591,6.1843,5.2944,8.1397,17.9491,2.8116,0.2562,0.2526,1048320
60M,0.5,muon,6.9156,6.6594,5.6379,8.6656,18.3541,2.6793,0.2932,0.2897,1048320
60M,1,adamw,6.4759,6.1965,5.2726,8.1871,18.6756,2.9192,0.2904,0.2868,1048320
60M,1,muon,6.7638,6.4986,5.5777,8.4680,18.8873,2.8187,0.3033,0.2998,1048320
60M,2,adamw,6.4135,6.1503,5.2349,8.1361,19.1301,3.0208,0.3109,0.3073,1048320
60M,2,muon,6.3561,6.0527,5.2245,8.0645,19.4392,3.0948,0.3171,0.3134,1048320
60M,4,adamw,6.1549,5.8566,5.0244,7.8708,19.4807,3.2092,0.3185,0.3147,1048320
60M,4,muon,6.0121,5.7154,4.9550,7.6494,19.8828,3.3476,0.3228,0.3189,1048320
60M,8,adamw,5.9892,5.7121,4.9393,7.5686,19.7031,3.3277,0.3240,0.3203,1048320
60M,8,muon,5.7904,5.4870,4.7701,7.3874,20.2370,3.5402,0.3275,0.3237,1048320
60M,16,adamw,5.7487,5.4965,4.7456,7.2458,19.8726,3.4969,0.3281,0.3242,1048320
60M,16,muon,5.4377,5.1429,4.4960,6.9486,20.4419,3.8117,0.3300,0.3260,1048320
60M,32,adamw,5.4977,5.2438,4.4648,7.0427,20.1010,3.7122,0.3309,0.3271,1048320
60M,32,muon,5.1503,4.9054,4.1809,6.6207,20.6333,4.0725,0.3327,0.3288,1048320
60M,64,adamw,5.2363,5.0041,4.2851,6.6548,20.2648,3.9245,0.3328,0.3288,1048320
60M,64,muon,5.0664,4.8221,4.1393,6.4745,20.5414,4.1171,0.3340,0.3301,1048320
60M,128,adamw,5.2052,4.9642,4.2369,6.6606,20.3565,3.9728,0.3351,0.3311,1048320
60M,128,muon,4.9910,4.7617,4.0435,6.3921,20.6665,4.2113,0.3358,0.3320,1048320
100M,0.25,adamw,6.6118,6.4149,5.6244,7.9007,17.6055,2.6764,0.2362,0.2326,1048320
100M,0.25,muon,7.2708,6.9820,5.9965,9.1159,18.3357,2.5427,0.3025,0.2988,1048320
100M,0.5,adamw,6.7826,6.4996,5.4777,8.6169,18.7058,2.7924,0.3002,0.2965,1048320
100M,0.5,muon,7.0596,6.7693,5.7583,8.9037,18.9991,2.7196,0.3240,0.3203,1048320
100M,1,adamw,6.9104,6.7307,5.5054,8.6394,19.1051,2.7972,0.3265,0.3226,1048320
100M,1,muon,6.8624,6.5132,5.5907,8.8460,19.4040,2.8642,0.3362,0.3323,1048320
100M,2,adamw,6.7472,6.5378,5.3705,8.4839,19.4039,2.9151,0.3378,0.3339,1048320
100M,2,muon,6.5322,6.1743,5.3065,8.4405,19.8088,3.0771,0.3446,0.3407,1048320
100M,4,adamw,6.3663,6.0835,5.2254,8.0035,19.8077,3.1473,0.3479,0.3441,1048320
100M,4,muon,6.1809,5.8528,5.0026,7.9950,20.2505,3.3280,0.3518,0.3479,1048320
100M,8,adamw,5.8733,5.6032,4.7345,7.5213,20.1806,3.4908,0.3541,0.3501,1048320
100M,8,muon,5.6144,5.3087,4.5149,7.3173,20.7050,3.7580,0.3552,0.3512,1048320
100M,16,adamw,5.7024,5.4123,4.5990,7.3457,20.3350,3.6289,0.3586,0.3546,1048320
100M,16,muon,5.3664,5.0637,4.3464,6.9807,20.8773,3.9597,0.3589,0.3548,1048320
100M,32,adamw,5.5480,5.2780,4.5114,7.1045,20.4870,3.7512,0.3619,0.3579,1048320
100M,32,muon,5.1431,4.8837,4.2309,6.5484,21.0711,4.1543,0.3619,0.3579,1048320
300M,0.25,adamw,7.8180,7.4502,6.1465,10.1539,18.5790,2.4247,0.3438,0.3405,1048320
300M,0.25,muon,8.0109,7.6283,6.2826,10.4480,18.7740,2.3922,0.3582,0.3549,1048320
300M,0.5,adamw,6.5697,6.2724,5.2847,8.4369,20.4832,3.1610,0.3667,0.3636,1048320
300M,0.5,muon,6.8428,6.5095,5.5749,8.7022,20.3763,3.0120,0.3737,0.3704,1048320
300M,1,adamw,6.6336,6.4066,5.2655,8.3528,20.7429,3.1690,0.3814,0.3782,1048320
300M,1,muon,6.4627,6.1302,5.2853,8.3014,20.9445,3.2802,0.3850,0.3818,1048320
300M,2,adamw,6.2224,6.0618,4.9999,7.6508,21.2281,3.4458,0.3914,0.3881,1048320
300M,2,muon,5.9927,5.7326,5.0014,7.4431,21.4124,3.5996,0.3944,0.3909,1048320
300M,4,adamw,5.4149,5.1991,4.5497,6.6625,21.9885,4.0885,0.3992,0.3958,1048320
300M,4,muon,5.7614,5.6363,4.6488,7.0230,21.7060,3.8007,0.4014,0.3978,1048320
300M,8,adamw,5.0436,4.8894,4.2809,6.0277,22.3905,4.4605,0.4052,0.4021,1048320
300M,8,muon,5.0789,4.9300,4.3219,6.0324,22.3900,4.4264,0.4068,0.4035,1048320
600M,0.25,adamw,6.5011,6.1414,5.2040,8.5336,20.7200,3.2412,0.3778,0.3746,1048320
600M,0.25,muon,6.6387,6.2886,5.3671,8.6213,20.7259,3.1635,0.3857,0.3825,1048320
600M,0.5,adamw,6.4475,6.1713,5.3048,8.1218,21.0396,3.2915,0.3947,0.3915,1048320
600M,0.5,muon,6.3318,6.0066,5.1633,8.1589,21.2051,3.3898,0.3988,0.3956,1048320
600M,1,adamw,5.9939,5.7656,5.0292,7.3536,21.5577,3.6165,0.4061,0.4027,1048320
600M,1,muon,6.0444,5.8063,5.0386,7.4708,21.5268,3.5832,0.4085,0.4051,1048320
600M,2,adamw,5.4799,5.3232,4.6421,6.5439,22.0487,4.0353,0.4146,0.4112,1048320
600M,2,muon,5.6073,5.3967,4.7108,6.8802,21.9777,3.9404,0.4169,0.4133,1048320
